single,singleLabel,releaseDate,genreLabel,performerLabel,citizenshipLabel,youtubeID,viewCountSample,lat,lon,latlon
http://www.wikidata.org/entity/Q116880617,TQG,2023-02-24T00:00:00Z,reggaeton,Shakira,Spain,jZGpkLElSu8,453187300,40.2,-3.5,"40.2, -3.5"
http://www.wikidata.org/entity/Q116176478,"Shakira: Bzrp Music Sessions, Vol. 53",2023-01-11T00:00:00Z,electropop,Shakira,Colombia,CocEMWdc7Ck,301212284,4,-73.25,"4, -73.25"
http://www.wikidata.org/entity/Q115945493,Flowers,2023-01-12T00:00:00Z,pop music,Miley Cyrus,United States of America,G7KNmW9a75Y,199506813,39.828175,-98.5795,"39.828175, -98.5795"
http://www.wikidata.org/entity/Q120682483,Seven,2023-07-14T00:00:00Z,pop music,Latto,United States of America,QU9c0053UAU,197908643,39.828175,-98.5795,"39.828175, -98.5795"
http://www.wikidata.org/entity/Q121075075,Classy 101,2023-03-30T00:00:00Z,reggaeton,Young Miko,United States of America,cD5T1Y4b7wA,185982981,39.828175,-98.5795,"39.828175, -98.5795"
http://www.wikidata.org/entity/Q123353290,Según quién,2023-08-17T00:00:00Z,regional Mexican,Carín León,Mexico,69lO08ar-mI,131838765,23,-102,"23, -102"
http://www.wikidata.org/entity/Q125851621,Pa Ti,2023-06-16T00:00:00Z,reggaeton,6ix9ine,United States of America,sCyCQ8KLIM0,121228494,39.828175,-98.5795,"39.828175, -98.5795"
http://www.wikidata.org/entity/Q117848252,Chanel,2023-03-30T00:00:00Z,regional Mexican,Becky G,United States of America,b2wQtu9YnWk,103800509,39.828175,-98.5795,"39.828175, -98.5795"
http://www.wikidata.org/entity/Q120638205,What Was I Made For?,2023-07-13T00:00:00Z,pop music,Billie Eilish,United States of America,cW8VLC9nnTo,102825371,39.828175,-98.5795,"39.828175, -98.5795"
http://www.wikidata.org/entity/Q125851048,Bori,2023-03-31T00:00:00Z,reggaeton,6ix9ine,United States of America,ZLLcxNiQ9Yg,86287992,39.828175,-98.5795,"39.828175, -98.5795"
http://www.wikidata.org/entity/Q115706733,Kill Bill,2023-01-10T00:00:00Z,pop music,SZA,United States of America,MSRcC626prw,65640889,39.828175,-98.5795,"39.828175, -98.5795"
http://www.wikidata.org/entity/Q123273186,Houdini,2023-11-10T00:00:00Z,pop music,Dua Lipa,United Kingdom,suAR1PYFNYA,56539133,54.6,-2,"54.6, -2"
http://www.wikidata.org/entity/Q122155783,Love Me Again,2023-08-10T00:00:00Z,contemporary R&B,V,South Korea,HYzyRHAHJl8,53673419,36,128,"36, 128"
http://www.wikidata.org/entity/Q116824945,Last Night,2023-02-06T00:00:00Z,country pop,Morgan Wallen,United States of America,bUjPPBxbQrQ,48832477,39.828175,-98.5795,"39.828175, -98.5795"
http://www.wikidata.org/entity/Q121472334,Rich Men North of Richmond,2023-08-07T00:00:00Z,country music,Oliver Anthony,United States of America,sqSA-SY5Hro,48261592,39.828175,-98.5795,"39.828175, -98.5795"
http://www.wikidata.org/entity/Q120872185,Vagabundo,2023-05-11T00:00:00Z,merengue,Sebastián Yatra,Spain,0J1hIERZ1yA,45603382,40.2,-3.5,"40.2, -3.5"
http://www.wikidata.org/entity/Q125851677,Dueño,2023-06-23T00:00:00Z,reggaeton,6ix9ine,United States of America,ozpihPPC7Jk,44982320,39.828175,-98.5795,"39.828175, -98.5795"
http://www.wikidata.org/entity/Q130420616,Madrid City,2023-09-29T00:00:00Z,pop music,Ana Mena,Spain,sh2lLZBnrfA,38748582,40.2,-3.5,"40.2, -3.5"
http://www.wikidata.org/entity/Q121047067,Desire,2023-07-28T00:00:00Z,trance,Calvin Harris,Scotland,1JPNFp0f53I,37966572,57,-5,"57, -5"
http://www.wikidata.org/entity/Q123417214,Chupón,2023-08-26T00:00:00Z,Urbano,Yeri Mua,Mexico,LPoKmpVLYuA,31258230,23,-102,"23, -102"
http://www.wikidata.org/entity/Q125395627,Teach Me How To Drill,2023-12-21T00:00:00Z,Brooklyn drill,Fivio Foreign,United States of America,fW1QcEAy4rg,29377121,39.828175,-98.5795,"39.828175, -98.5795"
http://www.wikidata.org/entity/Q125851221,Wapae,2023-04-15T00:00:00Z,reggaeton,6ix9ine,United States of America,IB1KQhbGtiM,27977428,39.828175,-98.5795,"39.828175, -98.5795"
http://www.wikidata.org/entity/Q118948175,Baby Don't Hurt Me,2023-04-06T00:00:00Z,electro house,Coi Leray,United States of America,k3DBmAlUh1A,26301631,39.828175,-98.5795,"39.828175, -98.5795"
http://www.wikidata.org/entity/Q122831879,Slow Dancing (song),2023-09-08T00:00:00Z,soul,V,South Korea,eI0iTRS0Ha8,25629032,36,128,"36, 128"
http://www.wikidata.org/entity/Q119033760,Making My Way,2023-05-05T00:00:00Z,moombahton,Sơn Tùng M-TP,Vietnam,niPkap1ozUA,25597570,16,108,"16, 108"
http://www.wikidata.org/entity/Q118358895,Bailar contigo,2023-03-10T00:00:00Z,pop music,Daddy Yankee,United States of America,heihCpHHjbA,24132393,39.828175,-98.5795,"39.828175, -98.5795"
http://www.wikidata.org/entity/Q120459946,I Can See You,2023-07-07T00:00:00Z,indie rock,Taylor Swift,United States of America,lVkKLf4DCn8,21374232,39.828175,-98.5795,"39.828175, -98.5795"
http://www.wikidata.org/entity/Q122759094,Chico,2023-08-29T00:00:00Z,bossa nova,Luísa Sonza,Brazil,JQgH5RiGAeg,21363281,-14,-53,"-14, -53"
http://www.wikidata.org/entity/Q118697941,Dance the Night,2023-05-25T00:00:00Z,pop music,Dua Lipa,United Kingdom,OiC1rgCPmUQ,21118226,54.6,-2,"54.6, -2"
http://www.wikidata.org/entity/Q129234007,Boss,2023-03-24T00:00:00Z,trap music,Tony Effe,Italy,3cn6wQaLkeQ,19855380,42.5,12.5,"42.5, 12.5"
http://www.wikidata.org/entity/Q117302366,Beso,2023-03-24T00:00:00Z,reggaeton,Rosalía,Spain,QXQQAsIhHMw,18323429,40.2,-3.5,"40.2, -3.5"
http://www.wikidata.org/entity/Q123412052,Cobra,2023-11-03T00:00:00Z,rap rock,Megan Thee Stallion,United States of America,DOZNRoL0310,17523383,39.828175,-98.5795,"39.828175, -98.5795"
http://www.wikidata.org/entity/Q118316199,Daylight,2023-04-14T00:00:00Z,gothic rock,David Kushner,United States of America,MoN9ql6Yymw,17148596,39.828175,-98.5795,"39.828175, -98.5795"
http://www.wikidata.org/entity/Q116969364,On the Street,2023-03-03T00:00:00Z,lofi hip hop,J. Cole,United States of America,r6WbbU_lLCA,16402708,39.828175,-98.5795,"39.828175, -98.5795"
http://www.wikidata.org/entity/Q114805013,Karma,2023-05-01T00:00:00Z,disco,Taylor Swift,United States of America,XzOvgu3GPwY,15547925,39.828175,-98.5795,"39.828175, -98.5795"
http://www.wikidata.org/entity/Q124382778,Em xinh,2023-12-01T00:00:00Z,V-Pop,Mono,Vietnam,rYc1UbgbMIY,15370070,16,108,"16, 108"
http://www.wikidata.org/entity/Q123018651,Lil Boo Thang,2023-08-18T00:00:00Z,pop rap,Paul Russell,United States of America,5AgDZcM8In8,14260492,39.828175,-98.5795,"39.828175, -98.5795"
http://www.wikidata.org/entity/Q117713758,Princess Diana,2023-04-14T00:00:00Z,drill,Ice Spice,United States of America,gMq-I0dejjE,14134905,39.828175,-98.5795,"39.828175, -98.5795"
http://www.wikidata.org/entity/Q117310722,Ensaio das Maravilhas,2023-02-13T00:00:00Z,funk carioca,Pedro Sampaio,Brazil,a8xV1QH_P18,13958262,-14,-53,"-14, -53"
http://www.wikidata.org/entity/Q117100717,Whistle,2023-02-10T00:00:00Z,electronic music,Jax Jones,United Kingdom,xpLS7tpVWMM,13775234,54.6,-2,"54.6, -2"
http://www.wikidata.org/entity/Q125851379,Y Ahora,2023-04-28T00:00:00Z,regional Mexican,6ix9ine,United States of America,Gf_mJABmov4,12366793,39.828175,-98.5795,"39.828175, -98.5795"
http://www.wikidata.org/entity/Q117258436,Eyes Closed,2023-03-24T00:00:00Z,pop music,Ed Sheeran,United Kingdom,u6wOyMUs74I,11923821,54.6,-2,"54.6, -2"
http://www.wikidata.org/entity/Q121762107,Automotivo Bibi Fogosa,2023-05-19T00:00:00Z,funk proibidão,Bibi Babydoll,Brazil,PgF29M69QXg,11705423,-14,-53,"-14, -53"
http://www.wikidata.org/entity/Q123439575,Hass Hass,2023-10-26T00:00:00Z,pop music,Sia,Australia,jADTdg-o8i0,11275504,-25,133,"-25, 133"
http://www.wikidata.org/entity/Q122424299,TMO (Turn Me On),2023-04-28T00:00:00Z,flamenco,Mohamed Ramadan,Egypt,bcpcUv4KIxU,11098197,27,29,"27, 29"
http://www.wikidata.org/entity/Q116694614,Due vite,2023-02-08T00:00:00Z,ballad,Marco Mengoni,Italy,_iS4STWKSvk,10816726,42.5,12.5,"42.5, 12.5"
http://www.wikidata.org/entity/Q125889138,Rodeo Dr,2023-08-02T00:00:00Z,hip hop music,Gunna,United States of America,M8IDH7ClGRg,10695278,39.828175,-98.5795,"39.828175, -98.5795"
http://www.wikidata.org/entity/Q123411834,DNA (Loving You),2023-07-28T00:00:00Z,trance,Billy Gillies,United Kingdom,qGDsMXdQoyI,10275438,54.6,-2,"54.6, -2"
http://www.wikidata.org/entity/Q123984620,Ancora,2023-06-22T00:00:00Z,hip hop music,Rhove,Italy,mjGkl2f2QlY,9822985,42.5,12.5,"42.5, 12.5"
http://www.wikidata.org/entity/Q118582175,Gelosa,2023-02-24T00:00:00Z,pop rap,Guè,Italy,oBS25dk7asc,9736529,42.5,12.5,"42.5, 12.5"
http://www.wikidata.org/entity/Q118979027,Popular,2023-06-02T00:00:00Z,contemporary R&B,The Weeknd,Canada,vt0i6nuqNEo,9586031,56,-109,"56, -109"
http://www.wikidata.org/entity/Q117075807,Tudo Pra Amar Você,2023-02-23T00:00:00Z,pop music,Marina Sena,Brazil,jZ-alpurCIg,8423209,-14,-53,"-14, -53"
http://www.wikidata.org/entity/Q122956584,Che t'o dico a fa',2023-10-06T00:00:00Z,pop music,Angelina Mango,Italy,cHqS0XR8pns,8186848,42.5,12.5,"42.5, 12.5"
http://www.wikidata.org/entity/Q116763895,Special,2023-01-13T00:00:00Z,contemporary R&B,SZA,United States of America,0ujjiNBQnmI,8157544,39.828175,-98.5795,"39.828175, -98.5795"
http://www.wikidata.org/entity/Q117780024,Jaded,2023-04-17T00:00:00Z,pop rock,Miley Cyrus,United States of America,4q-Y6wt1h3k,7894057,39.828175,-98.5795,"39.828175, -98.5795"
http://www.wikidata.org/entity/Q121705668,Campo de Morango,2023-08-15T00:00:00Z,pop music,Luísa Sonza,Brazil,CF8L6ZYIgPo,7545909,-14,-53,"-14, -53"
http://www.wikidata.org/entity/Q117085886,Miracle,2023-03-10T00:00:00Z,trance,Calvin Harris,Scotland,961v0E3b01g,7453406,57,-5,"57, -5"
http://www.wikidata.org/entity/Q119348620,Angel Pt. 1,2023-05-18T00:00:00Z,pop rap,Muni Long,United States of America,tYHHEL4nx84,7333271,39.828175,-98.5795,"39.828175, -98.5795"
http://www.wikidata.org/entity/Q123457329,Lovin on Me,2023-11-10T00:00:00Z,pop rap,Jack Harlow,United States of America,Iq8h3GEe22o,6975139,39.828175,-98.5795,"39.828175, -98.5795"
http://www.wikidata.org/entity/Q117480544,Peaches,2023-04-07T00:00:00Z,power ballad,Jack Black,United States of America,aW7bzd8uwyQ,6907366,39.828175,-98.5795,"39.828175, -98.5795"
http://www.wikidata.org/entity/Q122796175,Strangers (Kenya Grace song),2023-09-01T00:00:00Z,drum and bass,Kenya Grace,United Kingdom,S2TaAcwC_zI,6347072,54.6,-2,"54.6, -2"
http://www.wikidata.org/entity/Q121033567,Ci pensiamo domani,2023-05-12T00:00:00Z,pop music,Angelina Mango,Italy,sagx_4ioTEk,6342321,42.5,12.5,"42.5, 12.5"
http://www.wikidata.org/entity/Q122963107,Il doc 3,2023-02-14T00:00:00Z,hip hop music,MamboLosco,Italy,xemHyHlQ37w,6342037,42.5,12.5,"42.5, 12.5"
http://www.wikidata.org/entity/Q123159688,Rooftop,2023-08-04T00:00:00Z,hip hop music,Guè,Italy,jNeJqRYWuU0,6252815,42.5,12.5,"42.5, 12.5"
http://www.wikidata.org/entity/Q118534203,Padam Padam,2023-05-18T00:00:00Z,dance-pop,Kylie Minogue,United Kingdom,p6Cnazi_Fi0,5774213,54.6,-2,"54.6, -2"
http://www.wikidata.org/entity/Q127256723,Origami all'alba,2023-02-24T00:00:00Z,pop music,Matteo Paolillo,Italy,fbrzvudKnwA,5197426,42.5,12.5,"42.5, 12.5"
http://www.wikidata.org/entity/Q122971351,Mamma Mia,2023-06-15T00:00:00Z,French pop,Mentissa,Belgium,Eh8OZq5M3Sg,5160826,50.64111111,4.668055555,"50.641111111, 4.668055555"
http://www.wikidata.org/entity/Q118827790,Guasto d'amore,2023-01-27T00:00:00Z,pop music,Bresh,Italy,1U3A1tD3GeA,5116722,42.5,12.5,"42.5, 12.5"
http://www.wikidata.org/entity/Q129229424,Hoe + Hard,2023-03-03T00:00:00Z,pop music,Tony Effe,Italy,DrtrNklfbq8,5001671,42.5,12.5,"42.5, 12.5"
http://www.wikidata.org/entity/Q116695081,Cenere,2023-02-09T00:00:00Z,hip house,Lazza,Italy,A5ab7U9RVLE,4648699,42.5,12.5,"42.5, 12.5"
http://www.wikidata.org/entity/Q120289229,Capitán,2023-05-26T00:00:00Z,electropop,Rafael Ruiz Amador,Spain,Mf_gvJxI0Cw,4608829,40.2,-3.5,"40.2, -3.5"
http://www.wikidata.org/entity/Q119246032,Tuya,2023-06-09T00:00:00Z,reggaeton,Rosalía,Spain,F84pjEryeC0,4333220,40.2,-3.5,"40.2, -3.5"
http://www.wikidata.org/entity/Q118610579,Say Yes to Heaven,2023-05-19T00:00:00Z,pop music,Lana Del Rey,United States of America,MiAoetOXKcY,4110108,39.828175,-98.5795,"39.828175, -98.5795"
http://www.wikidata.org/entity/Q125030429,Act II: Date @ 8,2023-12-15T00:00:00Z,contemporary R&B,4Batz,United States of America,9ZAWGMPR1AA,4064951,39.828175,-98.5795,"39.828175, -98.5795"
http://www.wikidata.org/entity/Q116874834,Proibidona,2023-01-18T00:00:00Z,pop music,Valesca Popozuda,Brazil,HMvqkfBeTos,4049492,-14,-53,"-14, -53"
http://www.wikidata.org/entity/Q119202192,When I Get There,2023-02-14T00:00:00Z,pop music,Pink,United States of America,3moAYqBZ-lI,4004705,39.828175,-98.5795,"39.828175, -98.5795"
http://www.wikidata.org/entity/Q120639015,Rush,2023-07-13T00:00:00Z,house music,Troye Sivan,Australia,b53QJYP-lqY,3691716,-25,133,"-25, 133"
http://www.wikidata.org/entity/Q120906814,Tsaritsa,2023-07-14T00:00:00Z,pop music,Anna Asti,Russia,d8-3ffuTTZ8,3596527,66.41666667,94.25,"66.416666666, 94.25"
http://www.wikidata.org/entity/Q119132054,Lilith,2023-06-05T00:00:00Z,electro-industrial,Halsey,United States of America,9PdH-zavwO4,3376490,39.828175,-98.5795,"39.828175, -98.5795"
http://www.wikidata.org/entity/Q129234927,Vida loca,2023-07-07T00:00:00Z,pop music,Icy Subzero,Italy,_pQPQrozMKM,3362890,42.5,12.5,"42.5, 12.5"
http://www.wikidata.org/entity/Q120418414,Bellissimissima,2023-05-12T00:00:00Z,pop music,Alfa,Italy,330xZ5xFF68,3332530,42.5,12.5,"42.5, 12.5"
http://www.wikidata.org/entity/Q117814756,Boat,2023-04-21T00:00:00Z,pop music,Ed Sheeran,United Kingdom,mKEphyIbtXo,3245636,54.6,-2,"54.6, -2"
http://www.wikidata.org/entity/Q122242301,Pardes Katenda,2023-07-15T00:00:00Z,folk music,Adnan Dhool,Pakistan,rQCdEuyVriU,3078611,30,71,"30, 71"
http://www.wikidata.org/entity/Q118899092,Stars,2023-05-19T00:00:00Z,electronic music,Bebe Rexha,United States of America,Aox5s2s_SEI,3043767,39.828175,-98.5795,"39.828175, -98.5795"
http://www.wikidata.org/entity/Q116855457,Évidemment,2023-02-19T00:00:00Z,pop music,La Zarra,Canada,GWfbEFH9NvQ,2946058,56,-109,"56, -109"
http://www.wikidata.org/entity/Q123984397,Petit fou fou,2023-12-15T00:00:00Z,hip hop music,Anna,Italy,9LJ2Gr2qQrU,2931744,42.5,12.5,"42.5, 12.5"
http://www.wikidata.org/entity/Q123485824,Quer Dançar,2023-11-09T00:00:00Z,pop music,Priscilla,Brazil,MIFiVAnML04,2869514,-14,-53,"-14, -53"
http://www.wikidata.org/entity/Q116695004,Il bene nel male,2023-02-09T00:00:00Z,contemporary R&B,Madame,Italy,Nq-u9jV1uEg,2848368,42.5,12.5,"42.5, 12.5"
http://www.wikidata.org/entity/Q119716622,Steal the Show,2023-06-02T00:00:00Z,pop music,Lauv,United States of America,q7BmlOUk-II,2590203,39.828175,-98.5795,"39.828175, -98.5795"
http://www.wikidata.org/entity/Q120749290,DNA,2023-03-10T00:00:00Z,pop music,Chris Mears,United Kingdom,pKHbsVjmvJE,2565920,54.6,-2,"54.6, -2"
http://www.wikidata.org/entity/Q116457686,Trustfall,2023-01-27T00:00:00Z,pop music,Pink,United States of America,D2KE2a5qo0g,2458804,39.828175,-98.5795,"39.828175, -98.5795"
http://www.wikidata.org/entity/Q123514880,Baba,2023-11-17T00:00:00Z,pop music,Ghali,Italy,qFT76NtIg24,2444228,42.5,12.5,"42.5, 12.5"
http://www.wikidata.org/entity/Q129235397,1 messaggio,2023-09-29T00:00:00Z,pop music,Icy Subzero,Italy,h5EGtDZmXcA,2220891,42.5,12.5,"42.5, 12.5"
http://www.wikidata.org/entity/Q116695029,Made in Italy,2023-02-09T00:00:00Z,dance-pop,Rosa Chemical,Italy,UQuoY73tUsw,2153315,42.5,12.5,"42.5, 12.5"
http://www.wikidata.org/entity/Q117808165,Lentamente,2023-03-23T00:00:00Z,pop music,Ana Mena,Spain,ErhhEdfcKlU,2146107,40.2,-3.5,"40.2, -3.5"
http://www.wikidata.org/entity/Q123751902,Dano Sarrada,2023-11-23T00:00:00Z,pop music,Marina Sena,Brazil,3ruHSXEufOA,2139761,-14,-53,"-14, -53"
http://www.wikidata.org/entity/Q120532838,Don't Think Twice,2023-06-30T00:00:00Z,house music,Rita Ora,United Kingdom,fN1geMqHk9M,1986737,54.6,-2,"54.6, -2"
http://www.wikidata.org/entity/Q117707668,Un briciolo di allegria,2023-04-14T00:00:00Z,pop music,Mina,Italy,0UITfDm-8Bk,1856965,42.5,12.5,"42.5, 12.5"
http://www.wikidata.org/entity/Q116275566,Giddy Up!,2023-01-05T00:00:00Z,dance-pop,Shania Twain,Canada,-6BGu-GyKWQ,1834957,56,-109,"56, -109"
http://www.wikidata.org/entity/Q122921350,Golden,2023-05-10T00:00:00Z,pop music,LP,United States of America,whwMBPc1EBE,1824029,39.828175,-98.5795,"39.828175, -98.5795"
http://www.wikidata.org/entity/Q117044671,Still Alive,2023-03-03T00:00:00Z,pop-punk,Demi Lovato,United States of America,qO4mFC1OIBg,1822264,39.828175,-98.5795,"39.828175, -98.5795"
http://www.wikidata.org/entity/Q120147576,Il primo passo sulla luna,2023-06-16T00:00:00Z,pop music,Laura Pausini,Italy,lts-G-8CQec,1807300,42.5,12.5,"42.5, 12.5"
http://www.wikidata.org/entity/Q123205376,Sport frei,2023-10-27T00:00:00Z,industrial metal,Till Lindemann,Germany,Xuv_FoAw_Bk,1800382,51,10,"51, 10"
http://www.wikidata.org/entity/Q117322617,L'infinito più o meno,2023-03-10T00:00:00Z,pop music,Nek,Italy,odOrSqZv-Xo,1700291,42.5,12.5,"42.5, 12.5"
http://www.wikidata.org/entity/Q117394226,Dimmi che c'è,2023-03-17T00:00:00Z,pop rap,Tedua,Italy,uPeznfsvDW8,1693546,42.5,12.5,"42.5, 12.5"
http://www.wikidata.org/entity/Q117486041,Weekends,2023-02-03T00:00:00Z,dance-pop,Jonas Blue,England,_tFljtjDp98,1664617,53,-1,"53, -1"
http://www.wikidata.org/entity/Q117966482,Mezzo mondo,2023-04-28T00:00:00Z,pop music,Emma,Italy,nE3LINzxjQ8,1614576,42.5,12.5,"42.5, 12.5"
http://www.wikidata.org/entity/Q119139156,Praising You,2023-04-19T00:00:00Z,electronic music,Rita Ora,United Kingdom,_Sz7fhThrS4,1607967,54.6,-2,"54.6, -2"
http://www.wikidata.org/entity/Q116290754,Unicorn,2023-03-08T00:00:00Z,power pop,Noa Kirel,Israel,XwPEtD0_mx4,1581444,31,35,"31, 35"
http://www.wikidata.org/entity/Q125470958,Tapa,2023-12-14T00:00:00Z,pop music,Lexa,Brazil,RHrdxLJHdvE,1579782,-14,-53,"-14, -53"
http://www.wikidata.org/entity/Q123118661,Everyday,2023-10-13T00:00:00Z,hip hop music,Shiva,Italy,JvqzDvD5CSA,1554723,42.5,12.5,"42.5, 12.5"
http://www.wikidata.org/entity/Q116968802,Come vuoi,2023-03-03T00:00:00Z,hip hop music,Geolier,Italy,aL0dOoLpf7M,1550528,42.5,12.5,"42.5, 12.5"
http://www.wikidata.org/entity/Q124822171,Per sempre ci sarò,2023-06-09T00:00:00Z,pop music,Mr. Rain,Italy,2x6QgzRiKU4,1467731,42.5,12.5,"42.5, 12.5"
http://www.wikidata.org/entity/Q120259987,Riderai,2023-04-28T00:00:00Z,rock music,Luciano Ligabue,Italy,qUIWXv_DdfY,1407114,42.5,12.5,"42.5, 12.5"
http://www.wikidata.org/entity/Q118221305,The Alcott,2023-04-28T00:00:00Z,downtempo,Taylor Swift,United States of America,wCqoNu36y2o,1388748,39.828175,-98.5795,"39.828175, -98.5795"
http://www.wikidata.org/entity/Q117864223,Tonta,2023-04-20T00:00:00Z,pop music,Nathy Peluso,Spain,qvnX4GMxf6A,1381736,40.2,-3.5,"40.2, -3.5"
http://www.wikidata.org/entity/Q121217305,Granita,2023-05-26T00:00:00Z,pop music,LDA,Italy,-MQ1xa2TgVw,1349508,42.5,12.5,"42.5, 12.5"
http://www.wikidata.org/entity/Q130265291,Non parlarmi (outro),2023-11-29T00:00:00Z,hip hop music,Massimo Pericolo,Italy,Zx7aT84vW0A,1348190,42.5,12.5,"42.5, 12.5"
http://www.wikidata.org/entity/Q129232059,Roma,2023-03-17T00:00:00Z,pop rap,Il Tre,Italy,cQBTQlQk29s,1325190,42.5,12.5,"42.5, 12.5"
http://www.wikidata.org/entity/Q117428110,Zonda,2023-03-31T00:00:00Z,pop rap,Lazza,Italy,9J3iG6fV5B8,1300783,42.5,12.5,"42.5, 12.5"
http://www.wikidata.org/entity/Q121438400,Supposed to Be Loved,2023-01-01T00:00:00Z,hip hop music,DJ Khaled,United States of America,QNsaxi6YNjY,1298037,39.828175,-98.5795,"39.828175, -98.5795"
http://www.wikidata.org/entity/Q117317836,Nuvole in testa,2023-03-24T00:00:00Z,pop music,Ultimo,Italy,PPKgzLkdyNQ,1281143,42.5,12.5,"42.5, 12.5"
http://www.wikidata.org/entity/Q118713139,Pazza musica,2023-05-26T00:00:00Z,pop music,Marco Mengoni,Italy,2rSqiGcNgW4,1245535,42.5,12.5,"42.5, 12.5"
http://www.wikidata.org/entity/Q123594793,Occhi lucidi,2023-12-01T00:00:00Z,pop music,Ultimo,Italy,6ekr8oS28jc,1191599,42.5,12.5,"42.5, 12.5"
http://www.wikidata.org/entity/Q118669936,Disco Paradise,2023-05-25T00:00:00Z,pop music,Annalisa,Italy,k7kjuh0Tq2I,1179677,42.5,12.5,"42.5, 12.5"
http://www.wikidata.org/entity/Q123169270,Makai,2023-07-22T00:00:00Z,hip hop music,MV Killa,Italy,Hyum5PzXOtc,1176484,42.5,12.5,"42.5, 12.5"
http://www.wikidata.org/entity/Q119997169,Bon ton,2023-06-23T00:00:00Z,hip hop music,Sfera Ebbasta,Italy,OH8Y4-d0usA,1164216,42.5,12.5,"42.5, 12.5"
http://www.wikidata.org/entity/Q120142316,Car Keys (Ayla),2023-06-30T00:00:00Z,electronic music,Ava Max,United States of America,ah8W-mx_Q-g,1061957,39.828175,-98.5795,"39.828175, -98.5795"
http://www.wikidata.org/entity/Q129263717,A squarciagola,2023-11-03T00:00:00Z,pop music,Olly,Italy,NghXt2rRlX8,1052658,42.5,12.5,"42.5, 12.5"
http://www.wikidata.org/entity/Q118837131,Altamente mia,2023-04-07T00:00:00Z,pop music,Bresh,Italy,ItRvp5sg-0Q,1042950,42.5,12.5,"42.5, 12.5"
http://www.wikidata.org/entity/Q119267879,La discoteca italiana,2023-06-09T00:00:00Z,pop music,Orietta Berti,Italy,gIj6N8R05dc,1024756,42.5,12.5,"42.5, 12.5"
http://www.wikidata.org/entity/Q127500701,10 Out of 10,2023-04-05T00:00:00Z,house music,Kylie Minogue,United Kingdom,2C2H-KqnNyc,1005790,54.6,-2,"54.6, -2"
http://www.wikidata.org/entity/Q120548810,Bellu guaglione,2023-05-19T00:00:00Z,pop music,Rosa Chemical,Italy,9YfQXsAyoNE,1004374,42.5,12.5,"42.5, 12.5"
http://www.wikidata.org/entity/Q120985048,Choose Your Fighter,2023-07-28T00:00:00Z,Eurodance,Ava Max,United States of America,PzNLMmAOlEU,991775,39.828175,-98.5795,"39.828175, -98.5795"
http://www.wikidata.org/entity/Q125910907,M.I.A,2023-04-14T00:00:00Z,dance-pop,Benny Benassi,Italy,eWI_1P0iPtw,989281,42.5,12.5,"42.5, 12.5"
http://www.wikidata.org/entity/Q126974873,A cena con gli dei,2023-12-29T00:00:00Z,pop music,Biagio Antonacci,Italy,Mi17Y2lPbf4,982286,42.5,12.5,"42.5, 12.5"
http://www.wikidata.org/entity/Q123369676,Mon amour,2023-11-08T00:00:00Z,chanson,Slimane,France,niaeTRN-NDs,981292,47,2,"47, 2"
http://www.wikidata.org/entity/Q123759379,Milano,2023-09-29T00:00:00Z,hip hop music,Bia,United States of America,wg3DL7lxydU,969738,39.828175,-98.5795,"39.828175, -98.5795"
http://www.wikidata.org/entity/Q118581486,Mi hai capito o no?,2023-03-31T00:00:00Z,hip hop music,Guè,Italy,dvv_ZX4a_x4,965387,42.5,12.5,"42.5, 12.5"
http://www.wikidata.org/entity/Q129263666,Tutto con te,2023-06-09T00:00:00Z,pop music,Olly,Italy,B5TOFbua9BY,949841,42.5,12.5,"42.5, 12.5"
http://www.wikidata.org/entity/Q120091122,Me vogl bene,2023-04-21T00:00:00Z,hip hop music,Geolier,Italy,7OYsmY-KS5s,932468,42.5,12.5,"42.5, 12.5"
http://www.wikidata.org/entity/Q129230143,Sincer,2023-05-05T00:00:00Z,reggaeton,Lele Blade,Italy,-Hngp-u7EtA,924963,42.5,12.5,"42.5, 12.5"
http://www.wikidata.org/entity/Q120756891,Pendolari,2023-01-13T00:00:00Z,pop music,Shade,Italy,XJ-sPIfxBU8,920528,42.5,12.5,"42.5, 12.5"
http://www.wikidata.org/entity/Q119477574,Per sempre mai,2023-05-26T00:00:00Z,pop rap,Shade,Italy,CePiNnUwYVw,918935,42.5,12.5,"42.5, 12.5"
http://www.wikidata.org/entity/Q118234909,Energy,2023-03-24T00:00:00Z,hip hop music,Anna,Italy,2RSsRfcU7Ac,911450,42.5,12.5,"42.5, 12.5"
http://www.wikidata.org/entity/Q116448104,Brrr (song),2023-01-20T00:00:00Z,hyperpop,Kim Petras,Germany,Zi7yD4Qae_M,897107,51,10,"51, 10"
http://www.wikidata.org/entity/Q121092205,Paradise,2023-06-16T00:00:00Z,disco,Purple Disco Machine,Germany,Z_pqhk1DrqY,848274,51,10,"51, 10"
http://www.wikidata.org/entity/Q117349398,Mon amour,2023-03-31T00:00:00Z,dance-pop,Annalisa,Italy,RzyD08-w-tk,846736,42.5,12.5,"42.5, 12.5"
http://www.wikidata.org/entity/Q123470238,Anche stasera,2023-11-17T00:00:00Z,hip hop music,Elodie,Italy,kOdgi9A-AJ4,832454,42.5,12.5,"42.5, 12.5"
http://www.wikidata.org/entity/Q116180086,No Business on the Dancefloor,2023-01-12T00:00:00Z,pop music,Keira Lundström,Finland,VN-DxsFrOYg,811544,65,27,"65, 27"
http://www.wikidata.org/entity/Q126195989,Big Bang (Upside Down),2023-05-19T00:00:00Z,pop music,Emis Killa,Italy,8XJSPjZeUc0,797294,42.5,12.5,"42.5, 12.5"
http://www.wikidata.org/entity/Q127195250,Mani vuote,2023-03-13T00:00:00Z,pop music,Angelina Mango,Italy,NhSQ57F0YaY,787635,42.5,12.5,"42.5, 12.5"
http://www.wikidata.org/entity/Q119402247,Aranciata,2023-06-08T00:00:00Z,pop music,Madame,Italy,vjS1l1NFCkA,777122,42.5,12.5,"42.5, 12.5"
http://www.wikidata.org/entity/Q121087582,Voglia di vivere,2023-01-09T00:00:00Z,pop music,Angelina Mango,Italy,mjPGyLx6bYI,772004,42.5,12.5,"42.5, 12.5"
http://www.wikidata.org/entity/Q120668835,Lunatica,2023-03-10T00:00:00Z,pop music,Shade,Italy,IBp2MeqGN5o,748534,42.5,12.5,"42.5, 12.5"
http://www.wikidata.org/entity/Q120501388,Adrenalina,2023-03-31T00:00:00Z,hip hop music,Fred De Palma,Italy,vyTiZYkawCs,747748,42.5,12.5,"42.5, 12.5"
http://www.wikidata.org/entity/Q120478688,Melodia criminal,2023-07-07T00:00:00Z,bachata,Ana Mena,Spain,8-KRdfSl7_I,744693,40.2,-3.5,"40.2, -3.5"
http://www.wikidata.org/entity/Q123593113,Amore cane,2023-12-01T00:00:00Z,pop music,Emma,Italy,QKTKMmLwN_U,676166,42.5,12.5,"42.5, 12.5"
http://www.wikidata.org/entity/Q122839793,Una canzone senza tempo,2023-08-25T00:00:00Z,rock music,Luciano Ligabue,Italy,6kL6u7KN1Ho,661797,42.5,12.5,"42.5, 12.5"
http://www.wikidata.org/entity/Q122607150,Other Boys,2023-09-08T00:00:00Z,pop music,Dove Cameron,United States of America,duDrXMiYmv4,657635,39.828175,-98.5795,"39.828175, -98.5795"
http://www.wikidata.org/entity/Q122761493,A fari spenti,2023-09-22T00:00:00Z,pop music,Elodie,Italy,nHCsuf1TVOY,648489,42.5,12.5,"42.5, 12.5"
http://www.wikidata.org/entity/Q116694992,Polvere,2023-02-08T00:00:00Z,electronic dance music,Olly,Italy,6jFvKmxxIxM,629646,42.5,12.5,"42.5, 12.5"
http://www.wikidata.org/entity/Q123164492,Un milione di notti,2023-10-20T00:00:00Z,pop music,Mr. Rain,Italy,qhNMOhYRqPc,622457,42.5,12.5,"42.5, 12.5"
http://www.wikidata.org/entity/Q117455657,Non litighiamo più,2023-03-31T00:00:00Z,pop music,Rocco Hunt,Italy,iFdDoAfamJY,613005,42.5,12.5,"42.5, 12.5"
http://www.wikidata.org/entity/Q118176529,Tilt,2023-05-05T00:00:00Z,electropop,Elisa,Italy,LmJDoG3P6gs,581730,42.5,12.5,"42.5, 12.5"
http://www.wikidata.org/entity/Q124466462,Flavio,2023-05-19T00:00:00Z,indie pop,Gazzelle,Italy,9ZJDCFP76BM,580916,42.5,12.5,"42.5, 12.5"
http://www.wikidata.org/entity/Q124625428,Sofia,2023-09-29T00:00:00Z,pop music,Alfa,Italy,iR6MqL5IX9c,577178,42.5,12.5,"42.5, 12.5"
http://www.wikidata.org/entity/Q120262304,M'ama non m'ama,2023-06-13T00:00:00Z,hip hop music,Baby K,Italy,Fz8JQfpW-aw,556620,42.5,12.5,"42.5, 12.5"
http://www.wikidata.org/entity/Q122345722,Zunge,2023-09-08T00:00:00Z,electronic rock,Till Lindemann,Germany,mGrJml5nq0o,548202,51,10,"51, 10"
http://www.wikidata.org/entity/Q127189737,Adamo ed Eva,2023-03-31T00:00:00Z,pop music,Luigi Strangis,Italy,XVt98Kz9LIc,547418,42.5,12.5,"42.5, 12.5"
http://www.wikidata.org/entity/Q119495355,Acquamarina,2023-06-14T00:00:00Z,pop music,Ana Mena,Spain,9Pn5X1M8nVk,539091,40.2,-3.5,"40.2, -3.5"
http://www.wikidata.org/entity/Q122176928,Il solito lido,2023-06-09T00:00:00Z,pop music,Nek,Italy,XO9QHD0IyRQ,538758,42.5,12.5,"42.5, 12.5"
http://www.wikidata.org/entity/Q118802043,Parafulmini,2023-05-26T00:00:00Z,pop music,Fabri Fibra,Italy,M9d__qSt6is,535645,42.5,12.5,"42.5, 12.5"
http://www.wikidata.org/entity/Q117848812,Aspettiamo mattina,2023-03-31T00:00:00Z,pop music,Aiello,Italy,FuTuqxvgPrw,522045,42.5,12.5,"42.5, 12.5"
http://www.wikidata.org/entity/Q127256651,Cicatrice,2023-04-28T00:00:00Z,pop music,Clara,Italy,kdoENwiP8g0,518929,42.5,12.5,"42.5, 12.5"
http://www.wikidata.org/entity/Q116258965,Mollami pt. 2,2023-01-13T00:00:00Z,hip hop music,Guè,Italy,ab4PdCyqbTI,508670,42.5,12.5,"42.5, 12.5"
http://www.wikidata.org/entity/Q116779388,Ricordati di vivere (il primo battito),2023-01-20T00:00:00Z,pop music,Jovanotti,Italy,EJRUqRekBr0,489306,42.5,12.5,"42.5, 12.5"
http://www.wikidata.org/entity/Q122700411,Durare,2023-09-16T00:00:00Z,pop music,Laura Pausini,Italy,5jeNyo4_bms,454844,42.5,12.5,"42.5, 12.5"
http://www.wikidata.org/entity/Q122956394,Already Over,2023-10-06T00:00:00Z,alternative rock,Mike Shinoda,United States of America,tDWnnsQkNpo,454751,39.828175,-98.5795,"39.828175, -98.5795"
http://www.wikidata.org/entity/Q119254341,Taxi sulla Luna,2023-06-09T00:00:00Z,pop music,Emma,Italy,pkjzbSA-Gac,454111,42.5,12.5,"42.5, 12.5"
http://www.wikidata.org/entity/Q123134281,"Io, me ed altri guai",2023-10-06T00:00:00Z,pop music,Rose Villain,Italy,FLGv5HulDLo,440350,42.5,12.5,"42.5, 12.5"
http://www.wikidata.org/entity/Q116771459,Lamette,2023-01-11T00:00:00Z,pop music,Salmo,Italy,2A5vqJg85BM,426218,42.5,12.5,"42.5, 12.5"
http://www.wikidata.org/entity/Q122871822,Nightmares,2023-09-29T00:00:00Z,pop music,Bresh,Italy,Z5rxbWeRIFQ,400870,42.5,12.5,"42.5, 12.5"
http://www.wikidata.org/entity/Q118314178,Cartoni animati,2023-04-14T00:00:00Z,pop music,Rose Villain,Italy,FbBzPTC7_jY,399433,42.5,12.5,"42.5, 12.5"
http://www.wikidata.org/entity/Q122810964,Blu ghiaccio travolgente,2023-09-15T00:00:00Z,pop music,Tommaso Paradiso,Italy,AzIw53rXIGk,394446,42.5,12.5,"42.5, 12.5"
http://www.wikidata.org/entity/Q119397405,Hollywood,2023-06-09T00:00:00Z,pop music,Irama,Italy,dLDwY2mOz28,387695,42.5,12.5,"42.5, 12.5"
http://www.wikidata.org/entity/Q118220870,Destinazione mare,2023-05-05T00:00:00Z,pop music,Tiziano Ferro,Italy,zrDEJvq6-ME,385836,42.5,12.5,"42.5, 12.5"
http://www.wikidata.org/entity/Q115864573,Rotonda,2023-01-01T00:00:00Z,pop music,Tiziano Ferro,Italy,yhPqSnf5fgU,372443,42.5,12.5,"42.5, 12.5"
http://www.wikidata.org/entity/Q117043811,In My Head,2023-03-10T00:00:00Z,pop rock,Mike Shinoda,United States of America,bGyH1JF1Nu4,367043,39.828175,-98.5795,"39.828175, -98.5795"
http://www.wikidata.org/entity/Q121078247,Mi piace molto,2023-05-26T00:00:00Z,pop music,Aiello,Italy,Y1WQQPmB6IU,363647,42.5,12.5,"42.5, 12.5"
http://www.wikidata.org/entity/Q121125174,Tutta la voglia di vivere,2023-03-24T00:00:00Z,pop music,Fabrizio Moro,Italy,xqVotjkej-Q,360064,42.5,12.5,"42.5, 12.5"
http://www.wikidata.org/entity/Q130265343,Le cose cambiano (lcc),2023-12-01T00:00:00Z,hip hop music,Massimo Pericolo,Italy,rIBXPQVuq0I,358973,42.5,12.5,"42.5, 12.5"
http://www.wikidata.org/entity/Q129615646,Nuvola,2023-12-13T00:00:00Z,pop music,Holden,Italy,te8O4d-Cf7E,349715,42.5,12.5,"42.5, 12.5"
http://www.wikidata.org/entity/Q118176286,Non vado via,2023-05-05T00:00:00Z,pop music,Arisa,Italy,GLnit41LGd4,338815,42.5,12.5,"42.5, 12.5"
http://www.wikidata.org/entity/Q124706095,Inspiegabile,2023-09-08T00:00:00Z,pop music,Nek,Italy,h46MfHoS2t4,334404,42.5,12.5,"42.5, 12.5"
http://www.wikidata.org/entity/Q123050804,What Life Brings,2023-09-19T00:00:00Z,progressive rock,Steven Wilson,United Kingdom,vCrACQP4AtI,315787,54.6,-2,"54.6, -2"
http://www.wikidata.org/entity/Q122810830,Sulla pelle,2023-09-01T00:00:00Z,pop music,Irama,Italy,ZrFSLyQVraQ,310198,42.5,12.5,"42.5, 12.5"
http://www.wikidata.org/entity/Q123585737,Quando nevica,2023-11-24T00:00:00Z,pop music,Elisa,Italy,TU6gpnuv8MQ,306016,42.5,12.5,"42.5, 12.5"
http://www.wikidata.org/entity/Q123387999,Bruciasse il cielo,2023-11-10T00:00:00Z,pop music,Blanco,Italy,X2pjvM1Yl14,303231,42.5,12.5,"42.5, 12.5"
http://www.wikidata.org/entity/Q117848982,Si te sapesse dicere,2023-04-21T00:00:00Z,pop music,Gigi D'Alessio,Italy,Z3STT3ic1WM,300698,42.5,12.5,"42.5, 12.5"
http://www.wikidata.org/entity/Q120693687,Occhiali da sole,2023-04-14T00:00:00Z,pop music,Diodato,Italy,yGRmxVDwX28,299726,42.5,12.5,"42.5, 12.5"
http://www.wikidata.org/entity/Q117313518,Viaggio intorno al sole,2023-03-24T00:00:00Z,electropop,Tommaso Paradiso,Italy,RVEPmTbgcfQ,295309,42.5,12.5,"42.5, 12.5"
http://www.wikidata.org/entity/Q120028037,Da solo,2023-01-03T00:00:00Z,hip hop music,Nitro,Italy,oxJQ7nt1DKQ,286063,42.5,12.5,"42.5, 12.5"
http://www.wikidata.org/entity/Q118581460,Puta,2023-05-19T00:00:00Z,hip hop music,Guè,Italy,a7c3LUzenDs,277663,42.5,12.5,"42.5, 12.5"
http://www.wikidata.org/entity/Q123678123,L'uomo nello specchio,2023-10-13T00:00:00Z,pop music,Daniele Silvestri,Italy,1z90GIDJe7Q,272276,42.5,12.5,"42.5, 12.5"
http://www.wikidata.org/entity/Q124098739,Ci vorrebbe un miracolo,2023-08-30T00:00:00Z,pop music,Diodato,Italy,KT3900XDPMo,270579,42.5,12.5,"42.5, 12.5"
http://www.wikidata.org/entity/Q123464625,Odio,2023-10-27T00:00:00Z,pop music,Michele Bravi,Italy,JYEbPCkQquQ,268775,42.5,12.5,"42.5, 12.5"
http://www.wikidata.org/entity/Q123784128,Dammi un bacio ja',2023-11-17T00:00:00Z,pop music,Leo Gassmann,Italy,Nj2raRg9cV0,263910,42.5,12.5,"42.5, 12.5"
http://www.wikidata.org/entity/Q121818990,Tanpa Dirimu,2023-06-27T00:00:00Z,rock music,Pay Burman,Indonesia,13K02uAF-Ro,259672,-2,118,"-2, 118"
http://www.wikidata.org/entity/Q129231708,Offline,2023-05-26T00:00:00Z,pop rap,Il Tre,Italy,xzLwDsLdANk,252647,42.5,12.5,"42.5, 12.5"
http://www.wikidata.org/entity/Q117630048,Il mio nome Remix,2023-04-07T00:00:00Z,pop music,Ernia,Italy,LiJZ9K3bTrY,250834,42.5,12.5,"42.5, 12.5"
http://www.wikidata.org/entity/Q123326644,Cocktail d'amore,2023-11-03T00:00:00Z,urban contemporary,Mahmood,Italy,8fc5vf-Obcg,247079,42.5,12.5,"42.5, 12.5"
http://www.wikidata.org/entity/Q122762024,Un'altra storia,2023-09-22T00:00:00Z,pop music,Marco Mengoni,Italy,0K4-lkFs4hg,245743,42.5,12.5,"42.5, 12.5"
http://www.wikidata.org/entity/Q116636638,Purple in the Sky,2023-02-03T00:00:00Z,pop music,Elodie,Italy,L35XgmqIZBQ,240595,42.5,12.5,"42.5, 12.5"
http://www.wikidata.org/entity/Q119998676,Tulipani blu,2023-05-05T00:00:00Z,pop music,Matteo Romano,Italy,CnfXBVu-9OA,230145,42.5,12.5,"42.5, 12.5"
http://www.wikidata.org/entity/Q123486176,Só Sei Me Apaixonar,2023-09-22T00:00:00Z,pop music,Bruno Gadiol,Brazil,4TkkLCs4Guk,229941,-14,-53,"-14, -53"
http://www.wikidata.org/entity/Q119959810,Un altro mondo,2023-06-23T00:00:00Z,pop music,Marracash,Italy,KUGKDa2Knw8,219879,42.5,12.5,"42.5, 12.5"
http://www.wikidata.org/entity/Q129616564,Dimmi che non è un addio,2023-11-07T00:00:00Z,pop music,Holden,Italy,KLPtUCLkUm4,219766,42.5,12.5,"42.5, 12.5"
http://www.wikidata.org/entity/Q116789917,Fatti rimandare dalla mamma a prendere il latte,2023-02-07T00:00:00Z,pop music,Gianni Morandi,Italy,LOXJk-qD2Ig,218721,42.5,12.5,"42.5, 12.5"
http://www.wikidata.org/entity/Q121941759,Roosarito,2023-08-25T00:00:00Z,pop music,Mehdi Yarrahi,Iran,7ChZablq2OY,212892,32,53,"32, 53"
http://www.wikidata.org/entity/Q117930352,Evviva!,2023-04-28T00:00:00Z,pop music,Gianni Morandi,Italy,Xy4tUdLdaAA,211492,42.5,12.5,"42.5, 12.5"
http://www.wikidata.org/entity/Q123596309,Fila indiana,2023-12-01T00:00:00Z,pop music,Angelina Mango,Italy,fClkeqwlpLs,208998,42.5,12.5,"42.5, 12.5"
http://www.wikidata.org/entity/Q122425063,Waray,2023-07-13T00:00:00Z,Afrobeat,Issam Alnajjar,Jordan,kM7wBKHQscE,207297,31.2,36.5,"31.2, 36.5"
http://www.wikidata.org/entity/Q123194059,Riviera,2023-05-19T00:00:00Z,pop music,Max Gazzè,Italy,f_aWHlfY2iw,205633,42.5,12.5,"42.5, 12.5"
http://www.wikidata.org/entity/Q122579160,Fino al giorno nuovo,2023-09-15T00:00:00Z,pop music,Fabri Fibra,Italy,KkpmgBuc8XQ,202927,42.5,12.5,"42.5, 12.5"
http://www.wikidata.org/entity/Q127188801,Stupida libertà,2023-11-24T00:00:00Z,pop music,Luigi Strangis,Italy,8lqg3zxEzOM,201781,42.5,12.5,"42.5, 12.5"
http://www.wikidata.org/entity/Q118384524,La fine del mondo,2023-05-12T00:00:00Z,pop music,Mr. Rain,Italy,zQViAC8vW7s,201684,42.5,12.5,"42.5, 12.5"
http://www.wikidata.org/entity/Q118708642,Amore indiano,2023-05-25T00:00:00Z,pop music,Tommaso Paradiso,Italy,vTs64oHvQSI,200958,42.5,12.5,"42.5, 12.5"
http://www.wikidata.org/entity/Q119789152,Alta marea,2023-06-16T00:00:00Z,pop music,Coez,Italy,CYoSEdLA2h8,198936,42.5,12.5,"42.5, 12.5"
http://www.wikidata.org/entity/Q119560580,Obladi oblada,2023-06-16T00:00:00Z,hip hop music,Fabri Fibra,Italy,MaSs2GWaVmc,194050,42.5,12.5,"42.5, 12.5"
http://www.wikidata.org/entity/Q123200954,Che c'è di male,2023-10-06T00:00:00Z,pop music,Max Gazzè,Italy,K-fg6LrTov8,183804,42.5,12.5,"42.5, 12.5"
http://www.wikidata.org/entity/Q118233862,Tasche,2023-04-28T00:00:00Z,pop music,Mara Sattei,Italy,oRmNAAQu1S8,183371,42.5,12.5,"42.5, 12.5"
http://www.wikidata.org/entity/Q126920814,Touché,2023-09-23T00:00:00Z,pop music,Sarah,Italy,mWFKA0mk-JA,177355,42.5,12.5,"42.5, 12.5"
http://www.wikidata.org/entity/Q119517969,Guardando la luna (Napoli RMX),2023-05-11T00:00:00Z,pop music,Clementino,Italy,i-KM3CFa0RQ,170348,42.5,12.5,"42.5, 12.5"
http://www.wikidata.org/entity/Q120721028,Senza confine,2023-05-05T00:00:00Z,pop music,Giorgia,Italy,PeM7onf6-08,158148,42.5,12.5,"42.5, 12.5"
http://www.wikidata.org/entity/Q117006578,Addio mio amore,2023-03-03T00:00:00Z,pop music,Tiziano Ferro,Italy,JA4zsHWT6_0,157415,42.5,12.5,"42.5, 12.5"
http://www.wikidata.org/entity/Q123916275,Uragano Damn,2023-12-15T00:00:00Z,hip hop music,Thasup,Italy,70tTrRJ24eg,153280,42.5,12.5,"42.5, 12.5"
http://www.wikidata.org/entity/Q124616554,The World Is Blind,2023-12-16T00:00:00Z,pop music,Abu,Egypt,G9Yo1d6GMmo,152757,27,29,"27, 29"
http://www.wikidata.org/entity/Q123510140,Con questa luce,2023-11-07T00:00:00Z,pop music,Giordana Angi,Italy,Y7PdHP3t2e4,148623,42.5,12.5,"42.5, 12.5"
http://www.wikidata.org/entity/Q117193210,Diamanti,2023-03-17T00:00:00Z,pop music,Elisa,Italy,q23_RaTCJtI,148093,42.5,12.5,"42.5, 12.5"
http://www.wikidata.org/entity/Q122503100,Abbiamo vinto già,2023-09-01T00:00:00Z,pop music,Tiziano Ferro,Italy,R6LQCjQMCus,145911,42.5,12.5,"42.5, 12.5"
http://www.wikidata.org/entity/Q124010532,Foda-se,2023-10-20T00:00:00Z,pop music,Bruno Gadiol,Brazil,fDbNLQSddTQ,145656,-14,-53,"-14, -53"
http://www.wikidata.org/entity/Q119992589,Profumo,2023-05-26T00:00:00Z,pop music,M¥SS KETA,Italy,CvmlmFWR2yY,139322,42.5,12.5,"42.5, 12.5"
http://www.wikidata.org/entity/Q120442394,Vamos a bailar,2023-07-12T00:00:00Z,pop music,Tiziano Ferro,Italy,qAlDkIbBr9Y,134866,42.5,12.5,"42.5, 12.5"
http://www.wikidata.org/entity/Q123455840,Zero,2023-11-10T00:00:00Z,pop music,Laura Pausini,Italy,vlSwNplb20Y,130080,42.5,12.5,"42.5, 12.5"
http://www.wikidata.org/entity/Q117960929,Disco dance,2023-04-28T00:00:00Z,pop music,Francesca Michielin,Italy,_GTNNNpNc40,128451,42.5,12.5,"42.5, 12.5"
http://www.wikidata.org/entity/Q116994437,O dj (Don't give up),2023-03-03T00:00:00Z,disco,Liberato,Italy,UzakCrtbiHw,126873,42.5,12.5,"42.5, 12.5"
http://www.wikidata.org/entity/Q117007513,Così speciale,2023-03-03T00:00:00Z,pop music,Diodato,Italy,dGfGnU6CbKw,125961,42.5,12.5,"42.5, 12.5"
http://www.wikidata.org/entity/Q117776471,L'abitudine,2023-04-07T00:00:00Z,pop music,Francesco Gabbani,Italy,TdXURrtqNEw,125957,42.5,12.5,"42.5, 12.5"
http://www.wikidata.org/entity/Q117428383,Delincuente,2023-03-31T00:00:00Z,Latin trap,Kanye West,Italy,M7Ft-rvo6aM,121095,42.5,12.5,"42.5, 12.5"
http://www.wikidata.org/entity/Q124029503,Male più non fare,2023-12-01T00:00:00Z,pop music,Jake La Furia,Italy,ITV5HeV95Go,120668,42.5,12.5,"42.5, 12.5"
http://www.wikidata.org/entity/Q123966534,Boulevard,2023-12-01T00:00:00Z,pop music,Clara,Italy,a19fSTSHFkg,120370,42.5,12.5,"42.5, 12.5"
http://www.wikidata.org/entity/Q123914658,Seleção,2023-11-24T00:00:00Z,hip hop music,Thasup,Italy,eIYkvHNBYjw,120000,42.5,12.5,"42.5, 12.5"
http://www.wikidata.org/entity/Q124340966,Castello di sabbia,2023-09-08T00:00:00Z,pop music,LDA,Italy,hoHwD_hKGTY,113539,42.5,12.5,"42.5, 12.5"
http://www.wikidata.org/entity/Q120837038,Piango in discoteca,2023-07-21T00:00:00Z,electropop,Mara Sattei,Italy,u2wQsYoJYtU,112689,42.5,12.5,"42.5, 12.5"
http://www.wikidata.org/entity/Q120030171,Il mio dawg,2023-06-16T00:00:00Z,hip hop music,Vegas Jones,Italy,GNppkLT_3eM,107775,42.5,12.5,"42.5, 12.5"
http://www.wikidata.org/entity/Q119084948,Mani in alto,2023-06-02T00:00:00Z,reggaeton,Kanye West,Italy,cD7pMbzhG8Y,105967,42.5,12.5,"42.5, 12.5"
http://www.wikidata.org/entity/Q119950430,Canzone d'estate,2023-06-23T00:00:00Z,pop music,Levante,Italy,04RuaVt3iT8,105102,42.5,12.5,"42.5, 12.5"
http://www.wikidata.org/entity/Q123336633,Mondo panico,2023-10-06T00:00:00Z,pop music,Fabri Fibra,Italy,bHU699c3yO0,104986,42.5,12.5,"42.5, 12.5"
http://www.wikidata.org/entity/Q121057592,Per farti ridere di me,2023-04-28T00:00:00Z,pop music,Mobrici,Italy,EljDy5ei9aw,102778,42.5,12.5,"42.5, 12.5"
http://www.wikidata.org/entity/Q129348733,La notte vola (RMX),2023-03-16T00:00:00Z,pop music,Lorella Cuccarini,Italy,NrjhXtecQgk,102226,42.5,12.5,"42.5, 12.5"
http://www.wikidata.org/entity/Q122939854,Ragù,2023-05-26T00:00:00Z,pop music,Fulminacci,Italy,-DUVS8YP2uw,97196,42.5,12.5,"42.5, 12.5"
http://www.wikidata.org/entity/Q120223254,Pelle d'oca,2023-05-19T00:00:00Z,pop music,Dargen D'Amico,Italy,QeSukZqDkJ0,96602,42.5,12.5,"42.5, 12.5"
http://www.wikidata.org/entity/Q123378520,Stupidi ragazzi,2023-11-03T00:00:00Z,pop music,Achille Lauro,Italy,kU-T9mjMSm0,96082,42.5,12.5,"42.5, 12.5"
http://www.wikidata.org/entity/Q122407771,Che colpa ne ho,2023-09-08T00:00:00Z,indie pop,Coez,Italy,OsqCDNgaqDg,95639,42.5,12.5,"42.5, 12.5"
http://www.wikidata.org/entity/Q122802792,Sirene,2023-09-15T00:00:00Z,pop music,Grag Queen,Brazil,Ivde9DpaRRw,92900,-14,-53,"-14, -53"
http://www.wikidata.org/entity/Q123503359,Photo,2023-09-01T00:00:00Z,pop music,Giordana Angi,Italy,L772xAQSDrg,91999,42.5,12.5,"42.5, 12.5"
http://www.wikidata.org/entity/Q116203634,Milkshake,2023-01-12T00:00:00Z,pop music,Grag Queen,Brazil,uYi3kOaLK5A,90683,-14,-53,"-14, -53"
http://www.wikidata.org/entity/Q126920754,Viole e violini,2023-12-05T00:00:00Z,pop music,Sarah,Italy,N54_KW3KGtc,90450,42.5,12.5,"42.5, 12.5"
http://www.wikidata.org/entity/Q117288198,Estasi,2023-03-24T00:00:00Z,pop music,Gaia,Italy,8gBeo2jXVcc,87283,42.5,12.5,"42.5, 12.5"
http://www.wikidata.org/entity/Q120360212,Volo rovescio,2023-04-21T00:00:00Z,pop music,Leo Gassmann,Italy,6QAZEGYEsRw,85418,42.5,12.5,"42.5, 12.5"
http://www.wikidata.org/entity/Q118397529,Fragole,2023-05-12T00:00:00Z,pop music,Achille Lauro,Italy,7WnAjND9T80,82759,42.5,12.5,"42.5, 12.5"
http://www.wikidata.org/entity/Q120401298,Capiscimi,2023-06-02T00:00:00Z,pop music,Leo Gassmann,Italy,JlSq7OGNv20,82573,42.5,12.5,"42.5, 12.5"
http://www.wikidata.org/entity/Q123384629,Tokyo,2023-11-10T00:00:00Z,pop music,Gaia,Italy,MmdIFMF6xt0,81533,42.5,12.5,"42.5, 12.5"
http://www.wikidata.org/entity/Q123669376,Filippo Leroy,2023-09-15T00:00:00Z,pop music,Fulminacci,Italy,6vVJSdE7Npc,79889,42.5,12.5,"42.5, 12.5"
http://www.wikidata.org/entity/Q124257178,+1,2023-01-12T00:00:00Z,indie pop,Fulminacci,Italy,E75TdoMl6mk,78782,42.5,12.5,"42.5, 12.5"
http://www.wikidata.org/entity/Q120729869,Innamorata (F U!),2023-04-14T00:00:00Z,pop music,Nina Zilli,Italy,KnfRDZjisvc,71243,42.5,12.5,"42.5, 12.5"
http://www.wikidata.org/entity/Q117804498,Leggera,2023-03-31T00:00:00Z,pop music,Levante,Italy,BY_KYvffQP0,70159,42.5,12.5,"42.5, 12.5"
http://www.wikidata.org/entity/Q119477681,Come Marilyn,2023-04-21T00:00:00Z,pop rap,Federica Carta,Italy,MXc2o3NifGg,68381,42.5,12.5,"42.5, 12.5"
http://www.wikidata.org/entity/Q123165644,Replay,2023-09-29T00:00:00Z,hip hop music,MV Killa,Italy,6pU6clJA3ME,66379,42.5,12.5,"42.5, 12.5"
http://www.wikidata.org/entity/Q117833078,Chiamami quando la magia finisce,2023-04-21T00:00:00Z,pop music,Tropico,Italy,ngUZBgNTAA4,64391,42.5,12.5,"42.5, 12.5"
http://www.wikidata.org/entity/Q123439041,Genkidama,2023-11-03T00:00:00Z,trap music,Vale Lambo,Italy,dYiSLv_z2Jc,62645,42.5,12.5,"42.5, 12.5"
http://www.wikidata.org/entity/Q117323528,Remember,2023-03-24T00:00:00Z,pop music,Carl Brave,Italy,M8RCRP-Cud4,61878,42.5,12.5,"42.5, 12.5"
http://www.wikidata.org/entity/Q123563311,Mare aperto,2023-11-24T00:00:00Z,pop music,Mara Sattei,Italy,J0JIz6gHGFU,56730,42.5,12.5,"42.5, 12.5"
http://www.wikidata.org/entity/Q123456670,Magia,2023-11-15T00:00:00Z,pop music,Margherita Vicario,Italy,8LUeaAtenjM,56399,42.5,12.5,"42.5, 12.5"
http://www.wikidata.org/entity/Q121125992,Dove,2023-05-19T00:00:00Z,pop music,Fabrizio Moro,Italy,t8B00vQw4zw,56221,42.5,12.5,"42.5, 12.5"
http://www.wikidata.org/entity/Q123851010,Solite chiacchiere,2023-12-15T00:00:00Z,pop music,Francesca Michielin,Italy,5Qi2Ivp2M84,53727,42.5,12.5,"42.5, 12.5"
http://www.wikidata.org/entity/Q123562522,Io ti conosco,2023-11-24T00:00:00Z,pop music,Madame,Italy,D_Op2foIho0,52560,42.5,12.5,"42.5, 12.5"
http://www.wikidata.org/entity/Q123975086,Americana,2023-12-15T00:00:00Z,pop music,Sangiovanni,Italy,ZAe3jHFh88A,51831,42.5,12.5,"42.5, 12.5"
http://www.wikidata.org/entity/Q121997318,Economies of Scale,2023-08-29T00:00:00Z,electropop,Steven Wilson,United Kingdom,wmtyvKz8ubQ,49908,54.6,-2,"54.6, -2"
http://www.wikidata.org/entity/Q122233720,Impossible Tightrope,2023-09-05T00:00:00Z,progressive rock,Steven Wilson,United Kingdom,qbGkZ31Fmp8,47276,54.6,-2,"54.6, -2"
http://www.wikidata.org/entity/Q117313014,Anna della porta accanto,2023-03-17T00:00:00Z,pop music,Gianni Morandi,Italy,eeVvON1YajI,46380,42.5,12.5,"42.5, 12.5"
http://www.wikidata.org/entity/Q123735074,Ubriachi di vita,2023-12-08T00:00:00Z,pop music,Tropico,Italy,AWmzX-T5-jk,42552,42.5,12.5,"42.5, 12.5"
http://www.wikidata.org/entity/Q123678574,Baciami baciami,2023-11-24T00:00:00Z,pop music,Fulminacci,Italy,rproWt3JgH0,37526,42.5,12.5,"42.5, 12.5"
http://www.wikidata.org/entity/Q119399168,Fulmini addosso,2023-06-09T00:00:00Z,dance-pop,Francesca Michielin,Italy,ZXgQEvqdkSk,37306,42.5,12.5,"42.5, 12.5"
http://www.wikidata.org/entity/Q123908417,"Si, certo l'amore",2023-11-23T00:00:00Z,canzone d'autore,Morgan,Italy,8jQgd9A36lA,36282,42.5,12.5,"42.5, 12.5"
http://www.wikidata.org/entity/Q123385493,Il meglio di te,2023-11-10T00:00:00Z,pop music,Giusy Ferreri,Italy,SbZp6ei-W-I,35781,42.5,12.5,"42.5, 12.5"
http://www.wikidata.org/entity/Q120784747,Che mme lassat' a fa,2023-07-21T00:00:00Z,pop music,Tropico,Italy,bMDjAWoqCYA,35401,42.5,12.5,"42.5, 12.5"
http://www.wikidata.org/entity/Q122442853,Rock Bottom,2023-09-12T00:00:00Z,power ballad,Steven Wilson,United Kingdom,eRaspkaqR8o,33346,54.6,-2,"54.6, -2"
http://www.wikidata.org/entity/Q124348266,Promesse,2023-12-06T00:00:00Z,pop music,LDA,Italy,PSMshIO76-U,33283,42.5,12.5,"42.5, 12.5"
http://www.wikidata.org/entity/Q122583286,Fantasie,2023-09-15T00:00:00Z,pop music,Cesare Cremonini,Italy,K-mimXEKLK4,31205,42.5,12.5,"42.5, 12.5"
http://www.wikidata.org/entity/Q119592520,Que Passa,2023-06-15T00:00:00Z,pop music,Grag Queen,Brazil,zVeo7JPqcgU,29736,-14,-53,"-14, -53"
http://www.wikidata.org/entity/Q116883130,Un bosco,2023-02-17T00:00:00Z,pop music,Francesca Michielin,Italy,ID6ZXQF_kDM,28939,42.5,12.5,"42.5, 12.5"
http://www.wikidata.org/entity/Q122431414,Rumore,2023-09-12T00:00:00Z,pop music,Ariete,Italy,vDAOPjG-Vb8,25024,42.5,12.5,"42.5, 12.5"
http://www.wikidata.org/entity/Q118482859,Un'altra ora,2023-05-19T00:00:00Z,pop music,Ariete,Italy,eW2L95BVvwM,24689,42.5,12.5,"42.5, 12.5"
http://www.wikidata.org/entity/Q122781518,Embracing the Unknown,2023-09-07T00:00:00Z,electronic music,Mariusz Duda,Poland,FVje-91nQ4I,22846,52,19,"52, 19"
http://www.wikidata.org/entity/Q122871944,Canzoncina,2023-09-29T00:00:00Z,pop music,Margherita Vicario,Italy,PzwxIeowgU0,21736,42.5,12.5,"42.5, 12.5"
http://www.wikidata.org/entity/Q116883153,Quello che ancora non c'è,2023-02-24T00:00:00Z,pop music,Francesca Michielin,Italy,xfkhYK5fYRQ,19750,42.5,12.5,"42.5, 12.5"
http://www.wikidata.org/entity/Q123463755,Motor Valley RMX,2023-07-21T00:00:00Z,hip hop music,Caneda,Italy,kt0wXqsilkA,14200,42.5,12.5,"42.5, 12.5"
http://www.wikidata.org/entity/Q123734836,FOMO,2023-12-08T00:00:00Z,electropop,Cecilia,Estonia,jD6JhcrQsvg,13655,59,26,"59, 26"
http://www.wikidata.org/entity/Q118398643,Tridimensionale,2023-05-12T00:00:00Z,dance music,Benny Benassi,Italy,I9_2m4s8WTQ,10078,42.5,12.5,"42.5, 12.5"
http://www.wikidata.org/entity/Q129487227,L'epica della guerra,2023-11-24T00:00:00Z,pop music,Max Gazzè,Italy,GIH7Ff5XwcQ,6416,42.5,12.5,"42.5, 12.5"
http://www.wikidata.org/entity/Q123668777,Simile,2023-05-23T00:00:00Z,pop music,Fulminacci,Italy,bpXLoWCKa1A,5723,42.5,12.5,"42.5, 12.5"
http://www.wikidata.org/entity/Q116694610,Supereroi,2023-02-08T00:00:00Z,pop music,Mr. Rain,Italy,uuVBNyn3ZB8,5148,42.5,12.5,"42.5, 12.5"
http://www.wikidata.org/entity/Q118662858,Porno,2023-02-17T00:00:00Z,pop-punk,Naska,Italy,sh-WvAEebAg,5075,42.5,12.5,"42.5, 12.5"
http://www.wikidata.org/entity/Q119776697,Robot,2023-06-16T00:00:00Z,dance-pop,Bassi Maestro,Italy,GMtoqfNtQAE,4737,42.5,12.5,"42.5, 12.5"
http://www.wikidata.org/entity/Q118593829,Fofoca,2023-05-19T00:00:00Z,pop music,Grag Queen,Brazil,p6RvjCTogEI,3746,-14,-53,"-14, -53"
http://www.wikidata.org/entity/Q123463805,Solo Dio Lo Sa,2023-10-27T00:00:00Z,hip hop music,Chicoria,Italy,-XPqW7tN4e8,3229,42.5,12.5,"42.5, 12.5"
http://www.wikidata.org/entity/Q116686454,La Zone 2.0,2023-02-03T00:00:00Z,hip hop music,Miydu,Algeria,0Nduwx43Oc0,2125,28,1,"28, 1"
http://www.wikidata.org/entity/Q116685627,Aliyam,2023-02-03T00:00:00Z,hip hop music,Miydu,Algeria,lvf-UN4IGe4,173,28,1,"28, 1"
http://www.wikidata.org/entity/Q116686357,Hood Love,2023-02-03T00:00:00Z,hip hop music,Miydu,Algeria,e3xa3Lxfzfw,161,28,1,"28, 1"
http://www.wikidata.org/entity/Q118168827,Alakanaka,2023-05-05T00:00:00Z,rhythm and blues,Thanmai Bolt,India,ghdB8_x8mas,57,22.8,83,"22.8, 83"
http://www.wikidata.org/entity/Q119043026,Let's Go,2023-06-16T00:00:00Z,electronic dance music,Jordan Agro,Russia,f98l8-oayWQ,8,66.41666667,94.25,"66.416666666, 94.25"
http://www.wikidata.org/entity/Q117000840,Blow It In The Wind (Cover),2023-02-28T00:00:00Z,hip hop music,Mugeni Elijah,South Africa,HkNbuLJ8mSw,4,-29,24,"-29, 24"